model,accuracy,precision,recall,f1,roc_auc,cv_f1_mean
Logistic Regression,0.856,0.635593220338983,0.7211538461538461,0.6756756756756757,0.8771003302253302,0.6862470207443995
Random Forest,0.892,0.7604166666666666,0.7019230769230769,0.73,0.8938483391608391,0.7240396120075633
XGBoost,0.913,0.9230769230769231,0.6346153846153846,0.7521367521367521,0.8922457750582751,0.7215635451522505
